data__id,data__readable,data__title,data__title_short,data__title_version,data__link,data__duration,data__rank,data__explicit_lyrics,data__explicit_content_lyrics,data__explicit_content_cover,data__preview,data__md5_image,data__artist__id,data__artist__name,data__artist__link,data__artist__picture,data__artist__picture_small,data__artist__picture_medium,data__artist__picture_big,data__artist__picture_xl,data__artist__tracklist,data__artist__type,data__album__id,data__album__title,data__album__cover,data__album__cover_small,data__album__cover_medium,data__album__cover_big,data__album__cover_xl,data__album__md5_image,data__album__tracklist,data__album__type,data__type,total,next
72160317,TRUE,The Monster,The Monster,,https://www.deezer.com/track/72160317,250,930303,TRUE,1,1,https://cdns-preview-a.dzcdn.net/stream/c-a8f59d5c41501a2a767a088d92946325-1.mp3,b6938db3addc3ccd9575d6d12220e466,13,Eminem,https://www.deezer.com/artist/13,https://api.deezer.com/artist/13/image,https://e-cdns-images.dzcdn.net/images/artist/19cc38f9d69b352f718782e7a22f9c32/56x56-000000-80-0-0.jpg,https://e-cdns-images.dzcdn.net/images/artist/19cc38f9d69b352f718782e7a22f9c32/250x250-000000-80-0-0.jpg,https://e-cdns-images.dzcdn.net/images/artist/19cc38f9d69b352f718782e7a22f9c32/500x500-000000-80-0-0.jpg,https://e-cdns-images.dzcdn.net/images/artist/19cc38f9d69b352f718782e7a22f9c32/1000x1000-000000-80-0-0.jpg,https://api.deezer.com/artist/13/top?limit=50,artist,7090505,The Marshall Mathers LP2 (Deluxe),https://api.deezer.com/album/7090505/image,https://e-cdns-images.dzcdn.net/images/cover/b6938db3addc3ccd9575d6d12220e466/56x56-000000-80-0-0.jpg,https://e-cdns-images.dzcdn.net/images/cover/b6938db3addc3ccd9575d6d12220e466/250x250-000000-80-0-0.jpg,https://e-cdns-images.dzcdn.net/images/cover/b6938db3addc3ccd9575d6d12220e466/500x500-000000-80-0-0.jpg,https://e-cdns-images.dzcdn.net/images/cover/b6938db3addc3ccd9575d6d12220e466/1000x1000-000000-80-0-0.jpg,b6938db3addc3ccd9575d6d12220e466,https://api.deezer.com/album/7090505/tracks,album,track,311,https://api.deezer.com/search?q=Eminem&redirect_uri=http%253A%252F%252Fguardian.mashape.com%252Fcallback&index=25
916427,TRUE,Superman,Superman,,https://www.deezer.com/track/916427,350,948247,TRUE,1,0,https://cdns-preview-d.dzcdn.net/stream/c-d56c95b55d8555bd7bb816d9518609d5-9.mp3,ec3c8ed67427064c70f67e5815b74cef,13,Eminem,https://www.deezer.com/artist/13,https://api.deezer.com/artist/13/image,https://e-cdns-images.dzcdn.net/images/artist/19cc38f9d69b352f718782e7a22f9c32/56x56-000000-80-0-0.jpg,https://e-cdns-images.dzcdn.net/images/artist/19cc38f9d69b352f718782e7a22f9c32/250x250-000000-80-0-0.jpg,https://e-cdns-images.dzcdn.net/images/artist/19cc38f9d69b352f718782e7a22f9c32/500x500-000000-80-0-0.jpg,https://e-cdns-images.dzcdn.net/images/artist/19cc38f9d69b352f718782e7a22f9c32/1000x1000-000000-80-0-0.jpg,https://api.deezer.com/artist/13/top?limit=50,artist,103248,The Eminem Show,https://api.deezer.com/album/103248/image,https://e-cdns-images.dzcdn.net/images/cover/ec3c8ed67427064c70f67e5815b74cef/56x56-000000-80-0-0.jpg,https://e-cdns-images.dzcdn.net/images/cover/ec3c8ed67427064c70f67e5815b74cef/250x250-000000-80-0-0.jpg,https://e-cdns-images.dzcdn.net/images/cover/ec3c8ed67427064c70f67e5815b74cef/500x500-000000-80-0-0.jpg,https://e-cdns-images.dzcdn.net/images/cover/ec3c8ed67427064c70f67e5815b74cef/1000x1000-000000-80-0-0.jpg,ec3c8ed67427064c70f67e5815b74cef,https://api.deezer.com/album/103248/tracks,album,track,,
6461432,TRUE,Not Afraid,Not Afraid,,https://www.deezer.com/track/6461432,248,888203,TRUE,1,1,https://cdns-preview-0.dzcdn.net/stream/c-04c2c479846725eec24a3f40e837d35e-16.mp3,be682506145061814eddee648edb7c59,13,Eminem,https://www.deezer.com/artist/13,https://api.deezer.com/artist/13/image,https://e-cdns-images.dzcdn.net/images/artist/19cc38f9d69b352f718782e7a22f9c32/56x56-000000-80-0-0.jpg,https://e-cdns-images.dzcdn.net/images/artist/19cc38f9d69b352f718782e7a22f9c32/250x250-000000-80-0-0.jpg,https://e-cdns-images.dzcdn.net/images/artist/19cc38f9d69b352f718782e7a22f9c32/500x500-000000-80-0-0.jpg,https://e-cdns-images.dzcdn.net/images/artist/19cc38f9d69b352f718782e7a22f9c32/1000x1000-000000-80-0-0.jpg,https://api.deezer.com/artist/13/top?limit=50,artist,595243,Recovery,https://api.deezer.com/album/595243/image,https://e-cdns-images.dzcdn.net/images/cover/be682506145061814eddee648edb7c59/56x56-000000-80-0-0.jpg,https://e-cdns-images.dzcdn.net/images/cover/be682506145061814eddee648edb7c59/250x250-000000-80-0-0.jpg,https://e-cdns-images.dzcdn.net/images/cover/be682506145061814eddee648edb7c59/500x500-000000-80-0-0.jpg,https://e-cdns-images.dzcdn.net/images/cover/be682506145061814eddee648edb7c59/1000x1000-000000-80-0-0.jpg,be682506145061814eddee648edb7c59,https://api.deezer.com/album/595243/tracks,album,track,,
916424,TRUE,Without Me,Without Me,,https://www.deezer.com/track/916424,290,961431,TRUE,1,0,https://cdns-preview-c.dzcdn.net/stream/c-cca63b2c92773d54e61c5b4d17695bd2-8.mp3,ec3c8ed67427064c70f67e5815b74cef,13,Eminem,https://www.deezer.com/artist/13,https://api.deezer.com/artist/13/image,https://e-cdns-images.dzcdn.net/images/artist/19cc38f9d69b352f718782e7a22f9c32/56x56-000000-80-0-0.jpg,https://e-cdns-images.dzcdn.net/images/artist/19cc38f9d69b352f718782e7a22f9c32/250x250-000000-80-0-0.jpg,https://e-cdns-images.dzcdn.net/images/artist/19cc38f9d69b352f718782e7a22f9c32/500x500-000000-80-0-0.jpg,https://e-cdns-images.dzcdn.net/images/artist/19cc38f9d69b352f718782e7a22f9c32/1000x1000-000000-80-0-0.jpg,https://api.deezer.com/artist/13/top?limit=50,artist,103248,The Eminem Show,https://api.deezer.com/album/103248/image,https://e-cdns-images.dzcdn.net/images/cover/ec3c8ed67427064c70f67e5815b74cef/56x56-000000-80-0-0.jpg,https://e-cdns-images.dzcdn.net/images/cover/ec3c8ed67427064c70f67e5815b74cef/250x250-000000-80-0-0.jpg,https://e-cdns-images.dzcdn.net/images/cover/ec3c8ed67427064c70f67e5815b74cef/500x500-000000-80-0-0.jpg,https://e-cdns-images.dzcdn.net/images/cover/ec3c8ed67427064c70f67e5815b74cef/1000x1000-000000-80-0-0.jpg,ec3c8ed67427064c70f67e5815b74cef,https://api.deezer.com/album/103248/tracks,album,track,,
916445,TRUE,Till I Collapse,Till I Collapse,,https://www.deezer.com/track/916445,297,929166,TRUE,1,0,https://cdns-preview-1.dzcdn.net/stream/c-12eca10f7e8e55f7f83c14b3552f1940-9.mp3,ec3c8ed67427064c70f67e5815b74cef,13,Eminem,https://www.deezer.com/artist/13,https://api.deezer.com/artist/13/image,https://e-cdns-images.dzcdn.net/images/artist/19cc38f9d69b352f718782e7a22f9c32/56x56-000000-80-0-0.jpg,https://e-cdns-images.dzcdn.net/images/artist/19cc38f9d69b352f718782e7a22f9c32/250x250-000000-80-0-0.jpg,https://e-cdns-images.dzcdn.net/images/artist/19cc38f9d69b352f718782e7a22f9c32/500x500-000000-80-0-0.jpg,https://e-cdns-images.dzcdn.net/images/artist/19cc38f9d69b352f718782e7a22f9c32/1000x1000-000000-80-0-0.jpg,https://api.deezer.com/artist/13/top?limit=50,artist,103248,The Eminem Show,https://api.deezer.com/album/103248/image,https://e-cdns-images.dzcdn.net/images/cover/ec3c8ed67427064c70f67e5815b74cef/56x56-000000-80-0-0.jpg,https://e-cdns-images.dzcdn.net/images/cover/ec3c8ed67427064c70f67e5815b74cef/250x250-000000-80-0-0.jpg,https://e-cdns-images.dzcdn.net/images/cover/ec3c8ed67427064c70f67e5815b74cef/500x500-000000-80-0-0.jpg,https://e-cdns-images.dzcdn.net/images/cover/ec3c8ed67427064c70f67e5815b74cef/1000x1000-000000-80-0-0.jpg,ec3c8ed67427064c70f67e5815b74cef,https://api.deezer.com/album/103248/tracks,album,track,,
1109731,TRUE,Lose Yourself,Lose Yourself,,https://www.deezer.com/track/1109731,326,982936,TRUE,1,0,https://cdns-preview-1.dzcdn.net/stream/c-13039fed16a173733f227b0bec631034-12.mp3,e2b36a9fda865cb2e9ed1476b6291a7d,13,Eminem,https://www.deezer.com/artist/13,https://api.deezer.com/artist/13/image,https://e-cdns-images.dzcdn.net/images/artist/19cc38f9d69b352f718782e7a22f9c32/56x56-000000-80-0-0.jpg,https://e-cdns-images.dzcdn.net/images/artist/19cc38f9d69b352f718782e7a22f9c32/250x250-000000-80-0-0.jpg,https://e-cdns-images.dzcdn.net/images/artist/19cc38f9d69b352f718782e7a22f9c32/500x500-000000-80-0-0.jpg,https://e-cdns-images.dzcdn.net/images/artist/19cc38f9d69b352f718782e7a22f9c32/1000x1000-000000-80-0-0.jpg,https://api.deezer.com/artist/13/top?limit=50,artist,119606,Curtain Call: The Hits,https://api.deezer.com/album/119606/image,https://e-cdns-images.dzcdn.net/images/cover/e2b36a9fda865cb2e9ed1476b6291a7d/56x56-000000-80-0-0.jpg,https://e-cdns-images.dzcdn.net/images/cover/e2b36a9fda865cb2e9ed1476b6291a7d/250x250-000000-80-0-0.jpg,https://e-cdns-images.dzcdn.net/images/cover/e2b36a9fda865cb2e9ed1476b6291a7d/500x500-000000-80-0-0.jpg,https://e-cdns-images.dzcdn.net/images/cover/e2b36a9fda865cb2e9ed1476b6291a7d/1000x1000-000000-80-0-0.jpg,e2b36a9fda865cb2e9ed1476b6291a7d,https://api.deezer.com/album/119606/tracks,album,track,,
1109737,TRUE,The Real Slim Shady,The Real Slim Shady,,https://www.deezer.com/track/1109737,284,952558,TRUE,1,0,https://cdns-preview-d.dzcdn.net/stream/c-d28ee67c24d60e740866c7709d772f55-12.mp3,e2b36a9fda865cb2e9ed1476b6291a7d,13,Eminem,https://www.deezer.com/artist/13,https://api.deezer.com/artist/13/image,https://e-cdns-images.dzcdn.net/images/artist/19cc38f9d69b352f718782e7a22f9c32/56x56-000000-80-0-0.jpg,https://e-cdns-images.dzcdn.net/images/artist/19cc38f9d69b352f718782e7a22f9c32/250x250-000000-80-0-0.jpg,https://e-cdns-images.dzcdn.net/images/artist/19cc38f9d69b352f718782e7a22f9c32/500x500-000000-80-0-0.jpg,https://e-cdns-images.dzcdn.net/images/artist/19cc38f9d69b352f718782e7a22f9c32/1000x1000-000000-80-0-0.jpg,https://api.deezer.com/artist/13/top?limit=50,artist,119606,Curtain Call: The Hits,https://api.deezer.com/album/119606/image,https://e-cdns-images.dzcdn.net/images/cover/e2b36a9fda865cb2e9ed1476b6291a7d/56x56-000000-80-0-0.jpg,https://e-cdns-images.dzcdn.net/images/cover/e2b36a9fda865cb2e9ed1476b6291a7d/250x250-000000-80-0-0.jpg,https://e-cdns-images.dzcdn.net/images/cover/e2b36a9fda865cb2e9ed1476b6291a7d/500x500-000000-80-0-0.jpg,https://e-cdns-images.dzcdn.net/images/cover/e2b36a9fda865cb2e9ed1476b6291a7d/1000x1000-000000-80-0-0.jpg,e2b36a9fda865cb2e9ed1476b6291a7d,https://api.deezer.com/album/119606/tracks,album,track,,
1109739,TRUE,Mockingbird,Mockingbird,,https://www.deezer.com/track/1109739,251,990844,TRUE,1,0,https://cdns-preview-6.dzcdn.net/stream/c-655dfb802c35579d26a32136e3d0e7b3-12.mp3,e2b36a9fda865cb2e9ed1476b6291a7d,13,Eminem,https://www.deezer.com/artist/13,https://api.deezer.com/artist/13/image,https://e-cdns-images.dzcdn.net/images/artist/19cc38f9d69b352f718782e7a22f9c32/56x56-000000-80-0-0.jpg,https://e-cdns-images.dzcdn.net/images/artist/19cc38f9d69b352f718782e7a22f9c32/250x250-000000-80-0-0.jpg,https://e-cdns-images.dzcdn.net/images/artist/19cc38f9d69b352f718782e7a22f9c32/500x500-000000-80-0-0.jpg,https://e-cdns-images.dzcdn.net/images/artist/19cc38f9d69b352f718782e7a22f9c32/1000x1000-000000-80-0-0.jpg,https://api.deezer.com/artist/13/top?limit=50,artist,119606,Curtain Call: The Hits,https://api.deezer.com/album/119606/image,https://e-cdns-images.dzcdn.net/images/cover/e2b36a9fda865cb2e9ed1476b6291a7d/56x56-000000-80-0-0.jpg,https://e-cdns-images.dzcdn.net/images/cover/e2b36a9fda865cb2e9ed1476b6291a7d/250x250-000000-80-0-0.jpg,https://e-cdns-images.dzcdn.net/images/cover/e2b36a9fda865cb2e9ed1476b6291a7d/500x500-000000-80-0-0.jpg,https://e-cdns-images.dzcdn.net/images/cover/e2b36a9fda865cb2e9ed1476b6291a7d/1000x1000-000000-80-0-0.jpg,e2b36a9fda865cb2e9ed1476b6291a7d,https://api.deezer.com/album/119606/tracks,album,track,,
548348732,TRUE,Venom (Music From The Motion Picture),Venom,(Music From The Motion Picture),https://www.deezer.com/track/548348732,269,832370,TRUE,1,1,https://cdns-preview-8.dzcdn.net/stream/c-8ad574e54c315bd9f89ba34deb2c7650-6.mp3,bf74fc764097630ba58782ae79cfbee6,13,Eminem,https://www.deezer.com/artist/13,https://api.deezer.com/artist/13/image,https://e-cdns-images.dzcdn.net/images/artist/19cc38f9d69b352f718782e7a22f9c32/56x56-000000-80-0-0.jpg,https://e-cdns-images.dzcdn.net/images/artist/19cc38f9d69b352f718782e7a22f9c32/250x250-000000-80-0-0.jpg,https://e-cdns-images.dzcdn.net/images/artist/19cc38f9d69b352f718782e7a22f9c32/500x500-000000-80-0-0.jpg,https://e-cdns-images.dzcdn.net/images/artist/19cc38f9d69b352f718782e7a22f9c32/1000x1000-000000-80-0-0.jpg,https://api.deezer.com/artist/13/top?limit=50,artist,72000342,Kamikaze,https://api.deezer.com/album/72000342/image,https://e-cdns-images.dzcdn.net/images/cover/bf74fc764097630ba58782ae79cfbee6/56x56-000000-80-0-0.jpg,https://e-cdns-images.dzcdn.net/images/cover/bf74fc764097630ba58782ae79cfbee6/250x250-000000-80-0-0.jpg,https://e-cdns-images.dzcdn.net/images/cover/bf74fc764097630ba58782ae79cfbee6/500x500-000000-80-0-0.jpg,https://e-cdns-images.dzcdn.net/images/cover/bf74fc764097630ba58782ae79cfbee6/1000x1000-000000-80-0-0.jpg,bf74fc764097630ba58782ae79cfbee6,https://api.deezer.com/album/72000342/tracks,album,track,,
916426,TRUE,Sing For The Moment,Sing For The Moment,,https://www.deezer.com/track/916426,339,864117,TRUE,1,0,https://cdns-preview-6.dzcdn.net/stream/c-6a0f240c7bd580e87697146ed3247ab5-8.mp3,ec3c8ed67427064c70f67e5815b74cef,13,Eminem,https://www.deezer.com/artist/13,https://api.deezer.com/artist/13/image,https://e-cdns-images.dzcdn.net/images/artist/19cc38f9d69b352f718782e7a22f9c32/56x56-000000-80-0-0.jpg,https://e-cdns-images.dzcdn.net/images/artist/19cc38f9d69b352f718782e7a22f9c32/250x250-000000-80-0-0.jpg,https://e-cdns-images.dzcdn.net/images/artist/19cc38f9d69b352f718782e7a22f9c32/500x500-000000-80-0-0.jpg,https://e-cdns-images.dzcdn.net/images/artist/19cc38f9d69b352f718782e7a22f9c32/1000x1000-000000-80-0-0.jpg,https://api.deezer.com/artist/13/top?limit=50,artist,103248,The Eminem Show,https://api.deezer.com/album/103248/image,https://e-cdns-images.dzcdn.net/images/cover/ec3c8ed67427064c70f67e5815b74cef/56x56-000000-80-0-0.jpg,https://e-cdns-images.dzcdn.net/images/cover/ec3c8ed67427064c70f67e5815b74cef/250x250-000000-80-0-0.jpg,https://e-cdns-images.dzcdn.net/images/cover/ec3c8ed67427064c70f67e5815b74cef/500x500-000000-80-0-0.jpg,https://e-cdns-images.dzcdn.net/images/cover/ec3c8ed67427064c70f67e5815b74cef/1000x1000-000000-80-0-0.jpg,ec3c8ed67427064c70f67e5815b74cef,https://api.deezer.com/album/103248/tracks,album,track,,
72160314,TRUE,Rap God,Rap God,,https://www.deezer.com/track/72160314,363,807967,TRUE,1,1,https://cdns-preview-2.dzcdn.net/stream/c-205eea8eadb272530519332641c97cf6-1.mp3,b6938db3addc3ccd9575d6d12220e466,13,Eminem,https://www.deezer.com/artist/13,https://api.deezer.com/artist/13/image,https://e-cdns-images.dzcdn.net/images/artist/19cc38f9d69b352f718782e7a22f9c32/56x56-000000-80-0-0.jpg,https://e-cdns-images.dzcdn.net/images/artist/19cc38f9d69b352f718782e7a22f9c32/250x250-000000-80-0-0.jpg,https://e-cdns-images.dzcdn.net/images/artist/19cc38f9d69b352f718782e7a22f9c32/500x500-000000-80-0-0.jpg,https://e-cdns-images.dzcdn.net/images/artist/19cc38f9d69b352f718782e7a22f9c32/1000x1000-000000-80-0-0.jpg,https://api.deezer.com/artist/13/top?limit=50,artist,7090505,The Marshall Mathers LP2 (Deluxe),https://api.deezer.com/album/7090505/image,https://e-cdns-images.dzcdn.net/images/cover/b6938db3addc3ccd9575d6d12220e466/56x56-000000-80-0-0.jpg,https://e-cdns-images.dzcdn.net/images/cover/b6938db3addc3ccd9575d6d12220e466/250x250-000000-80-0-0.jpg,https://e-cdns-images.dzcdn.net/images/cover/b6938db3addc3ccd9575d6d12220e466/500x500-000000-80-0-0.jpg,https://e-cdns-images.dzcdn.net/images/cover/b6938db3addc3ccd9575d6d12220e466/1000x1000-000000-80-0-0.jpg,b6938db3addc3ccd9575d6d12220e466,https://api.deezer.com/album/7090505/tracks,album,track,,
6461440,TRUE,Love The Way You Lie,Love The Way You Lie,,https://www.deezer.com/track/6461440,263,945116,TRUE,1,1,https://cdns-preview-1.dzcdn.net/stream/c-1ed50e5b3118c99be858fc305609e62a-15.mp3,be682506145061814eddee648edb7c59,13,Eminem,https://www.deezer.com/artist/13,https://api.deezer.com/artist/13/image,https://e-cdns-images.dzcdn.net/images/artist/19cc38f9d69b352f718782e7a22f9c32/56x56-000000-80-0-0.jpg,https://e-cdns-images.dzcdn.net/images/artist/19cc38f9d69b352f718782e7a22f9c32/250x250-000000-80-0-0.jpg,https://e-cdns-images.dzcdn.net/images/artist/19cc38f9d69b352f718782e7a22f9c32/500x500-000000-80-0-0.jpg,https://e-cdns-images.dzcdn.net/images/artist/19cc38f9d69b352f718782e7a22f9c32/1000x1000-000000-80-0-0.jpg,https://api.deezer.com/artist/13/top?limit=50,artist,595243,Recovery,https://api.deezer.com/album/595243/image,https://e-cdns-images.dzcdn.net/images/cover/be682506145061814eddee648edb7c59/56x56-000000-80-0-0.jpg,https://e-cdns-images.dzcdn.net/images/cover/be682506145061814eddee648edb7c59/250x250-000000-80-0-0.jpg,https://e-cdns-images.dzcdn.net/images/cover/be682506145061814eddee648edb7c59/500x500-000000-80-0-0.jpg,https://e-cdns-images.dzcdn.net/images/cover/be682506145061814eddee648edb7c59/1000x1000-000000-80-0-0.jpg,be682506145061814eddee648edb7c59,https://api.deezer.com/album/595243/tracks,album,track,,
2372912335,TRUE,Eminem,Eminem,,https://www.deezer.com/track/2372912335,107,204954,FALSE,0,2,https://cdns-preview-c.dzcdn.net/stream/c-c81d39b686c06b5c39bae9a503b7247e-3.mp3,09425d5f18d39cc58d9d18ccf39c27a4,5256448,Joeyy,https://www.deezer.com/artist/5256448,https://api.deezer.com/artist/5256448/image,https://e-cdns-images.dzcdn.net/images/artist/9e2539a6d814873a3e5698e920b08ee1/56x56-000000-80-0-0.jpg,https://e-cdns-images.dzcdn.net/images/artist/9e2539a6d814873a3e5698e920b08ee1/250x250-000000-80-0-0.jpg,https://e-cdns-images.dzcdn.net/images/artist/9e2539a6d814873a3e5698e920b08ee1/500x500-000000-80-0-0.jpg,https://e-cdns-images.dzcdn.net/images/artist/9e2539a6d814873a3e5698e920b08ee1/1000x1000-000000-80-0-0.jpg,https://api.deezer.com/artist/5256448/top?limit=50,artist,465874705,Eminem,https://api.deezer.com/album/465874705/image,https://e-cdns-images.dzcdn.net/images/cover/09425d5f18d39cc58d9d18ccf39c27a4/56x56-000000-80-0-0.jpg,https://e-cdns-images.dzcdn.net/images/cover/09425d5f18d39cc58d9d18ccf39c27a4/250x250-000000-80-0-0.jpg,https://e-cdns-images.dzcdn.net/images/cover/09425d5f18d39cc58d9d18ccf39c27a4/500x500-000000-80-0-0.jpg,https://e-cdns-images.dzcdn.net/images/cover/09425d5f18d39cc58d9d18ccf39c27a4/1000x1000-000000-80-0-0.jpg,09425d5f18d39cc58d9d18ccf39c27a4,https://api.deezer.com/album/465874705/tracks,album,track,,
979041,TRUE,Smack That (Clean),Smack That,(Clean),https://www.deezer.com/track/979041,212,896329,FALSE,3,2,https://cdns-preview-c.dzcdn.net/stream/c-c45ae335d3f89e153c37217f4495cefc-4.mp3,bc4d98904d61661cc6d7dd53745340d0,38,Akon,https://www.deezer.com/artist/38,https://api.deezer.com/artist/38/image,https://e-cdns-images.dzcdn.net/images/artist/dafed3b722037eba7b0c015d47f62e7c/56x56-000000-80-0-0.jpg,https://e-cdns-images.dzcdn.net/images/artist/dafed3b722037eba7b0c015d47f62e7c/250x250-000000-80-0-0.jpg,https://e-cdns-images.dzcdn.net/images/artist/dafed3b722037eba7b0c015d47f62e7c/500x500-000000-80-0-0.jpg,https://e-cdns-images.dzcdn.net/images/artist/dafed3b722037eba7b0c015d47f62e7c/1000x1000-000000-80-0-0.jpg,https://api.deezer.com/artist/38/top?limit=50,artist,108938,Konvicted,https://api.deezer.com/album/108938/image,https://e-cdns-images.dzcdn.net/images/cover/bc4d98904d61661cc6d7dd53745340d0/56x56-000000-80-0-0.jpg,https://e-cdns-images.dzcdn.net/images/cover/bc4d98904d61661cc6d7dd53745340d0/250x250-000000-80-0-0.jpg,https://e-cdns-images.dzcdn.net/images/cover/bc4d98904d61661cc6d7dd53745340d0/500x500-000000-80-0-0.jpg,https://e-cdns-images.dzcdn.net/images/cover/bc4d98904d61661cc6d7dd53745340d0/1000x1000-000000-80-0-0.jpg,bc4d98904d61661cc6d7dd53745340d0,https://api.deezer.com/album/108938/tracks,album,track,,
1865118037,TRUE,EMIN3M,EMIN3M,,https://www.deezer.com/track/1865118037,253,297738,FALSE,0,2,https://cdns-preview-4.dzcdn.net/stream/c-4d4587f2f16af9a251c7fb97f60aeb97-3.mp3,29343456ec66b5eed8abafe11eab3e6f,96975832,GS Beats,https://www.deezer.com/artist/96975832,https://api.deezer.com/artist/96975832/image,https://e-cdns-images.dzcdn.net/images/artist/062017036d432be40dc795678a486d61/56x56-000000-80-0-0.jpg,https://e-cdns-images.dzcdn.net/images/artist/062017036d432be40dc795678a486d61/250x250-000000-80-0-0.jpg,https://e-cdns-images.dzcdn.net/images/artist/062017036d432be40dc795678a486d61/500x500-000000-80-0-0.jpg,https://e-cdns-images.dzcdn.net/images/artist/062017036d432be40dc795678a486d61/1000x1000-000000-80-0-0.jpg,https://api.deezer.com/artist/96975832/top?limit=50,artist,346060987,EMIN3M,https://api.deezer.com/album/346060987/image,https://e-cdns-images.dzcdn.net/images/cover/29343456ec66b5eed8abafe11eab3e6f/56x56-000000-80-0-0.jpg,https://e-cdns-images.dzcdn.net/images/cover/29343456ec66b5eed8abafe11eab3e6f/250x250-000000-80-0-0.jpg,https://e-cdns-images.dzcdn.net/images/cover/29343456ec66b5eed8abafe11eab3e6f/500x500-000000-80-0-0.jpg,https://e-cdns-images.dzcdn.net/images/cover/29343456ec66b5eed8abafe11eab3e6f/1000x1000-000000-80-0-0.jpg,29343456ec66b5eed8abafe11eab3e6f,https://api.deezer.com/album/346060987/tracks,album,track,,
916414,TRUE,Cleanin' Out My Closet,Cleanin' Out My Closet,,https://www.deezer.com/track/916414,297,788857,TRUE,1,0,https://cdns-preview-f.dzcdn.net/stream/c-f052966abff92ac3ca9e29fbe62b50eb-8.mp3,ec3c8ed67427064c70f67e5815b74cef,13,Eminem,https://www.deezer.com/artist/13,https://api.deezer.com/artist/13/image,https://e-cdns-images.dzcdn.net/images/artist/19cc38f9d69b352f718782e7a22f9c32/56x56-000000-80-0-0.jpg,https://e-cdns-images.dzcdn.net/images/artist/19cc38f9d69b352f718782e7a22f9c32/250x250-000000-80-0-0.jpg,https://e-cdns-images.dzcdn.net/images/artist/19cc38f9d69b352f718782e7a22f9c32/500x500-000000-80-0-0.jpg,https://e-cdns-images.dzcdn.net/images/artist/19cc38f9d69b352f718782e7a22f9c32/1000x1000-000000-80-0-0.jpg,https://api.deezer.com/artist/13/top?limit=50,artist,103248,The Eminem Show,https://api.deezer.com/album/103248/image,https://e-cdns-images.dzcdn.net/images/cover/ec3c8ed67427064c70f67e5815b74cef/56x56-000000-80-0-0.jpg,https://e-cdns-images.dzcdn.net/images/cover/ec3c8ed67427064c70f67e5815b74cef/250x250-000000-80-0-0.jpg,https://e-cdns-images.dzcdn.net/images/cover/ec3c8ed67427064c70f67e5815b74cef/500x500-000000-80-0-0.jpg,https://e-cdns-images.dzcdn.net/images/cover/ec3c8ed67427064c70f67e5815b74cef/1000x1000-000000-80-0-0.jpg,ec3c8ed67427064c70f67e5815b74cef,https://api.deezer.com/album/103248/tracks,album,track,,
2459657805,TRUE,eminem (Sped Up),eminem,(Sped Up),https://www.deezer.com/track/2459657805,320,242671,FALSE,0,2,https://cdns-preview-6.dzcdn.net/stream/c-6674a7a02e9a66c12974267e016d8fce-1.mp3,a365fc333c15f8c332c718a6d71ce489,127303972,Lilybelle,https://www.deezer.com/artist/127303972,https://api.deezer.com/artist/127303972/image,https://e-cdns-images.dzcdn.net/images/artist/00b6fbf6e558810d115f40cd2f478e07/56x56-000000-80-0-0.jpg,https://e-cdns-images.dzcdn.net/images/artist/00b6fbf6e558810d115f40cd2f478e07/250x250-000000-80-0-0.jpg,https://e-cdns-images.dzcdn.net/images/artist/00b6fbf6e558810d115f40cd2f478e07/500x500-000000-80-0-0.jpg,https://e-cdns-images.dzcdn.net/images/artist/00b6fbf6e558810d115f40cd2f478e07/1000x1000-000000-80-0-0.jpg,https://api.deezer.com/artist/127303972/top?limit=50,artist,489410085,US UK Sped Up vol 06,https://api.deezer.com/album/489410085/image,https://e-cdns-images.dzcdn.net/images/cover/a365fc333c15f8c332c718a6d71ce489/56x56-000000-80-0-0.jpg,https://e-cdns-images.dzcdn.net/images/cover/a365fc333c15f8c332c718a6d71ce489/250x250-000000-80-0-0.jpg,https://e-cdns-images.dzcdn.net/images/cover/a365fc333c15f8c332c718a6d71ce489/500x500-000000-80-0-0.jpg,https://e-cdns-images.dzcdn.net/images/cover/a365fc333c15f8c332c718a6d71ce489/1000x1000-000000-80-0-0.jpg,a365fc333c15f8c332c718a6d71ce489,https://api.deezer.com/album/489410085/tracks,album,track,,
2536381201,TRUE,Eminem,Eminem,,https://www.deezer.com/track/2536381201,180,225239,TRUE,1,2,https://cdns-preview-5.dzcdn.net/stream/c-50e32f732c95831883834a2e2ca25ac4-1.mp3,f420a25efa8062a114988fbadd13dce0,170478757,Wizz Havinn,https://www.deezer.com/artist/170478757,https://api.deezer.com/artist/170478757/image,https://e-cdns-images.dzcdn.net/images/artist/f420a25efa8062a114988fbadd13dce0/56x56-000000-80-0-0.jpg,https://e-cdns-images.dzcdn.net/images/artist/f420a25efa8062a114988fbadd13dce0/250x250-000000-80-0-0.jpg,https://e-cdns-images.dzcdn.net/images/artist/f420a25efa8062a114988fbadd13dce0/500x500-000000-80-0-0.jpg,https://e-cdns-images.dzcdn.net/images/artist/f420a25efa8062a114988fbadd13dce0/1000x1000-000000-80-0-0.jpg,https://api.deezer.com/artist/170478757/top?limit=50,artist,510887511,Super Wizz,https://api.deezer.com/album/510887511/image,https://e-cdns-images.dzcdn.net/images/cover/f420a25efa8062a114988fbadd13dce0/56x56-000000-80-0-0.jpg,https://e-cdns-images.dzcdn.net/images/cover/f420a25efa8062a114988fbadd13dce0/250x250-000000-80-0-0.jpg,https://e-cdns-images.dzcdn.net/images/cover/f420a25efa8062a114988fbadd13dce0/500x500-000000-80-0-0.jpg,https://e-cdns-images.dzcdn.net/images/cover/f420a25efa8062a114988fbadd13dce0/1000x1000-000000-80-0-0.jpg,f420a25efa8062a114988fbadd13dce0,https://api.deezer.com/album/510887511/tracks,album,track,,
3729755,TRUE,Beautiful,Beautiful,,https://www.deezer.com/track/3729755,392,718366,TRUE,1,1,https://cdns-preview-e.dzcdn.net/stream/c-e92465651c31a0e9d61467de54e1aa35-11.mp3,64148d1a543348370dd295e9177258d3,13,Eminem,https://www.deezer.com/artist/13,https://api.deezer.com/artist/13/image,https://e-cdns-images.dzcdn.net/images/artist/19cc38f9d69b352f718782e7a22f9c32/56x56-000000-80-0-0.jpg,https://e-cdns-images.dzcdn.net/images/artist/19cc38f9d69b352f718782e7a22f9c32/250x250-000000-80-0-0.jpg,https://e-cdns-images.dzcdn.net/images/artist/19cc38f9d69b352f718782e7a22f9c32/500x500-000000-80-0-0.jpg,https://e-cdns-images.dzcdn.net/images/artist/19cc38f9d69b352f718782e7a22f9c32/1000x1000-000000-80-0-0.jpg,https://api.deezer.com/artist/13/top?limit=50,artist,350198,Relapse,https://api.deezer.com/album/350198/image,https://e-cdns-images.dzcdn.net/images/cover/64148d1a543348370dd295e9177258d3/56x56-000000-80-0-0.jpg,https://e-cdns-images.dzcdn.net/images/cover/64148d1a543348370dd295e9177258d3/250x250-000000-80-0-0.jpg,https://e-cdns-images.dzcdn.net/images/cover/64148d1a543348370dd295e9177258d3/500x500-000000-80-0-0.jpg,https://e-cdns-images.dzcdn.net/images/cover/64148d1a543348370dd295e9177258d3/1000x1000-000000-80-0-0.jpg,64148d1a543348370dd295e9177258d3,https://api.deezer.com/album/350198/tracks,album,track,,
1109729,TRUE,My Name Is,My Name Is,,https://www.deezer.com/track/1109729,268,802218,TRUE,1,0,https://cdns-preview-b.dzcdn.net/stream/c-b410ccaf3c000eeaa74025f558892638-12.mp3,e2b36a9fda865cb2e9ed1476b6291a7d,13,Eminem,https://www.deezer.com/artist/13,https://api.deezer.com/artist/13/image,https://e-cdns-images.dzcdn.net/images/artist/19cc38f9d69b352f718782e7a22f9c32/56x56-000000-80-0-0.jpg,https://e-cdns-images.dzcdn.net/images/artist/19cc38f9d69b352f718782e7a22f9c32/250x250-000000-80-0-0.jpg,https://e-cdns-images.dzcdn.net/images/artist/19cc38f9d69b352f718782e7a22f9c32/500x500-000000-80-0-0.jpg,https://e-cdns-images.dzcdn.net/images/artist/19cc38f9d69b352f718782e7a22f9c32/1000x1000-000000-80-0-0.jpg,https://api.deezer.com/artist/13/top?limit=50,artist,119606,Curtain Call: The Hits,https://api.deezer.com/album/119606/image,https://e-cdns-images.dzcdn.net/images/cover/e2b36a9fda865cb2e9ed1476b6291a7d/56x56-000000-80-0-0.jpg,https://e-cdns-images.dzcdn.net/images/cover/e2b36a9fda865cb2e9ed1476b6291a7d/250x250-000000-80-0-0.jpg,https://e-cdns-images.dzcdn.net/images/cover/e2b36a9fda865cb2e9ed1476b6291a7d/500x500-000000-80-0-0.jpg,https://e-cdns-images.dzcdn.net/images/cover/e2b36a9fda865cb2e9ed1476b6291a7d/1000x1000-000000-80-0-0.jpg,e2b36a9fda865cb2e9ed1476b6291a7d,https://api.deezer.com/album/119606/tracks,album,track,,
2454196745,TRUE,Eminem,Eminem,,https://www.deezer.com/track/2454196745,126,157613,FALSE,2,2,https://cdns-preview-c.dzcdn.net/stream/c-c6cc6dcccd6f09914bcc02e6ec0b0e45-1.mp3,64bf1c98fcc217568b192b1ccb6cd243,94235112,Alan Sdr,https://www.deezer.com/artist/94235112,https://api.deezer.com/artist/94235112/image,https://e-cdns-images.dzcdn.net/images/artist/5c0fd0b4fd411cff292ae9dd3f2a253b/56x56-000000-80-0-0.jpg,https://e-cdns-images.dzcdn.net/images/artist/5c0fd0b4fd411cff292ae9dd3f2a253b/250x250-000000-80-0-0.jpg,https://e-cdns-images.dzcdn.net/images/artist/5c0fd0b4fd411cff292ae9dd3f2a253b/500x500-000000-80-0-0.jpg,https://e-cdns-images.dzcdn.net/images/artist/5c0fd0b4fd411cff292ae9dd3f2a253b/1000x1000-000000-80-0-0.jpg,https://api.deezer.com/artist/94235112/top?limit=50,artist,487933275,Eminem,https://api.deezer.com/album/487933275/image,https://e-cdns-images.dzcdn.net/images/cover/64bf1c98fcc217568b192b1ccb6cd243/56x56-000000-80-0-0.jpg,https://e-cdns-images.dzcdn.net/images/cover/64bf1c98fcc217568b192b1ccb6cd243/250x250-000000-80-0-0.jpg,https://e-cdns-images.dzcdn.net/images/cover/64bf1c98fcc217568b192b1ccb6cd243/500x500-000000-80-0-0.jpg,https://e-cdns-images.dzcdn.net/images/cover/64bf1c98fcc217568b192b1ccb6cd243/1000x1000-000000-80-0-0.jpg,64bf1c98fcc217568b192b1ccb6cd243,https://api.deezer.com/album/487933275/tracks,album,track,,
1176202,TRUE,The Real Slim Shady,The Real Slim Shady,,https://www.deezer.com/track/1176202,284,755788,TRUE,1,2,https://cdns-preview-f.dzcdn.net/stream/c-fbbe73417ae16fce847141b923953c98-4.mp3,941c2d3c366affdc662956559e078a4e,13,Eminem,https://www.deezer.com/artist/13,https://api.deezer.com/artist/13/image,https://e-cdns-images.dzcdn.net/images/artist/19cc38f9d69b352f718782e7a22f9c32/56x56-000000-80-0-0.jpg,https://e-cdns-images.dzcdn.net/images/artist/19cc38f9d69b352f718782e7a22f9c32/250x250-000000-80-0-0.jpg,https://e-cdns-images.dzcdn.net/images/artist/19cc38f9d69b352f718782e7a22f9c32/500x500-000000-80-0-0.jpg,https://e-cdns-images.dzcdn.net/images/artist/19cc38f9d69b352f718782e7a22f9c32/1000x1000-000000-80-0-0.jpg,https://api.deezer.com/artist/13/top?limit=50,artist,125748,The Marshall Mathers LP,https://api.deezer.com/album/125748/image,https://e-cdns-images.dzcdn.net/images/cover/941c2d3c366affdc662956559e078a4e/56x56-000000-80-0-0.jpg,https://e-cdns-images.dzcdn.net/images/cover/941c2d3c366affdc662956559e078a4e/250x250-000000-80-0-0.jpg,https://e-cdns-images.dzcdn.net/images/cover/941c2d3c366affdc662956559e078a4e/500x500-000000-80-0-0.jpg,https://e-cdns-images.dzcdn.net/images/cover/941c2d3c366affdc662956559e078a4e/1000x1000-000000-80-0-0.jpg,941c2d3c366affdc662956559e078a4e,https://api.deezer.com/album/125748/tracks,album,track,,
128743593,TRUE,Forgot About Dre,Forgot About Dre,,https://www.deezer.com/track/128743593,222,789292,TRUE,1,2,https://cdns-preview-1.dzcdn.net/stream/c-1fc42f1ff89a633c0283c76b8d2f5106-6.mp3,0d9a24d054cbc5ab11843beed9f1422b,763,Dr. Dre,https://www.deezer.com/artist/763,https://api.deezer.com/artist/763/image,https://e-cdns-images.dzcdn.net/images/artist/4a059263726fe8976d604d32ff7f3900/56x56-000000-80-0-0.jpg,https://e-cdns-images.dzcdn.net/images/artist/4a059263726fe8976d604d32ff7f3900/250x250-000000-80-0-0.jpg,https://e-cdns-images.dzcdn.net/images/artist/4a059263726fe8976d604d32ff7f3900/500x500-000000-80-0-0.jpg,https://e-cdns-images.dzcdn.net/images/artist/4a059263726fe8976d604d32ff7f3900/1000x1000-000000-80-0-0.jpg,https://api.deezer.com/artist/763/top?limit=50,artist,13606387,2001,https://api.deezer.com/album/13606387/image,https://e-cdns-images.dzcdn.net/images/cover/0d9a24d054cbc5ab11843beed9f1422b/56x56-000000-80-0-0.jpg,https://e-cdns-images.dzcdn.net/images/cover/0d9a24d054cbc5ab11843beed9f1422b/250x250-000000-80-0-0.jpg,https://e-cdns-images.dzcdn.net/images/cover/0d9a24d054cbc5ab11843beed9f1422b/500x500-000000-80-0-0.jpg,https://e-cdns-images.dzcdn.net/images/cover/0d9a24d054cbc5ab11843beed9f1422b/1000x1000-000000-80-0-0.jpg,0d9a24d054cbc5ab11843beed9f1422b,https://api.deezer.com/album/13606387/tracks,album,track,,
1579904,TRUE,"Lose Yourself (From ""8 Mile"" Soundtrack)",Lose Yourself,"(From ""8 Mile"" Soundtrack)",https://www.deezer.com/track/1579904,321,777627,FALSE,3,2,https://cdns-preview-b.dzcdn.net/stream/c-bb112ef835b82f77ac3ca59fefad3d6f-5.mp3,6fa1402225904c274083a73f6618cdcf,13,Eminem,https://www.deezer.com/artist/13,https://api.deezer.com/artist/13/image,https://e-cdns-images.dzcdn.net/images/artist/19cc38f9d69b352f718782e7a22f9c32/56x56-000000-80-0-0.jpg,https://e-cdns-images.dzcdn.net/images/artist/19cc38f9d69b352f718782e7a22f9c32/250x250-000000-80-0-0.jpg,https://e-cdns-images.dzcdn.net/images/artist/19cc38f9d69b352f718782e7a22f9c32/500x500-000000-80-0-0.jpg,https://e-cdns-images.dzcdn.net/images/artist/19cc38f9d69b352f718782e7a22f9c32/1000x1000-000000-80-0-0.jpg,https://api.deezer.com/artist/13/top?limit=50,artist,162035,8 Mile (Music From And Inspired By The Motion Picture),https://api.deezer.com/album/162035/image,https://e-cdns-images.dzcdn.net/images/cover/6fa1402225904c274083a73f6618cdcf/56x56-000000-80-0-0.jpg,https://e-cdns-images.dzcdn.net/images/cover/6fa1402225904c274083a73f6618cdcf/250x250-000000-80-0-0.jpg,https://e-cdns-images.dzcdn.net/images/cover/6fa1402225904c274083a73f6618cdcf/500x500-000000-80-0-0.jpg,https://e-cdns-images.dzcdn.net/images/cover/6fa1402225904c274083a73f6618cdcf/1000x1000-000000-80-0-0.jpg,6fa1402225904c274083a73f6618cdcf,https://api.deezer.com/album/162035/tracks,album,track,,
540485172,TRUE,Mockingbird,Mockingbird,,https://www.deezer.com/track/540485172,250,632350,FALSE,3,0,https://cdns-preview-7.dzcdn.net/stream/c-7753faf802559b7a144fb640c7e121c1-3.mp3,f0b8f9a786d96d8f9fc2a765462c17a6,13,Eminem,https://www.deezer.com/artist/13,https://api.deezer.com/artist/13/image,https://e-cdns-images.dzcdn.net/images/artist/19cc38f9d69b352f718782e7a22f9c32/56x56-000000-80-0-0.jpg,https://e-cdns-images.dzcdn.net/images/artist/19cc38f9d69b352f718782e7a22f9c32/250x250-000000-80-0-0.jpg,https://e-cdns-images.dzcdn.net/images/artist/19cc38f9d69b352f718782e7a22f9c32/500x500-000000-80-0-0.jpg,https://e-cdns-images.dzcdn.net/images/artist/19cc38f9d69b352f718782e7a22f9c32/1000x1000-000000-80-0-0.jpg,https://api.deezer.com/artist/13/top?limit=50,artist,70548962,Encore (Deluxe Version),https://api.deezer.com/album/70548962/image,https://e-cdns-images.dzcdn.net/images/cover/f0b8f9a786d96d8f9fc2a765462c17a6/56x56-000000-80-0-0.jpg,https://e-cdns-images.dzcdn.net/images/cover/f0b8f9a786d96d8f9fc2a765462c17a6/250x250-000000-80-0-0.jpg,https://e-cdns-images.dzcdn.net/images/cover/f0b8f9a786d96d8f9fc2a765462c17a6/500x500-000000-80-0-0.jpg,https://e-cdns-images.dzcdn.net/images/cover/f0b8f9a786d96d8f9fc2a765462c17a6/1000x1000-000000-80-0-0.jpg,f0b8f9a786d96d8f9fc2a765462c17a6,https://api.deezer.com/album/70548962/tracks,album,track,,
2372912305,TRUE,Gout,Gout,,https://www.deezer.com/track/2372912305,121,228129,TRUE,1,2,https://cdns-preview-1.dzcdn.net/stream/c-1cf6c61e43c35702ae9a5dd0596bbe26-3.mp3,9e2539a6d814873a3e5698e920b08ee1,5256448,Joeyy,https://www.deezer.com/artist/5256448,https://api.deezer.com/artist/5256448/image,https://e-cdns-images.dzcdn.net/images/artist/9e2539a6d814873a3e5698e920b08ee1/56x56-000000-80-0-0.jpg,https://e-cdns-images.dzcdn.net/images/artist/9e2539a6d814873a3e5698e920b08ee1/250x250-000000-80-0-0.jpg,https://e-cdns-images.dzcdn.net/images/artist/9e2539a6d814873a3e5698e920b08ee1/500x500-000000-80-0-0.jpg,https://e-cdns-images.dzcdn.net/images/artist/9e2539a6d814873a3e5698e920b08ee1/1000x1000-000000-80-0-0.jpg,https://api.deezer.com/artist/5256448/top?limit=50,artist,465874675,Gout,https://api.deezer.com/album/465874675/image,https://e-cdns-images.dzcdn.net/images/cover/9e2539a6d814873a3e5698e920b08ee1/56x56-000000-80-0-0.jpg,https://e-cdns-images.dzcdn.net/images/cover/9e2539a6d814873a3e5698e920b08ee1/250x250-000000-80-0-0.jpg,https://e-cdns-images.dzcdn.net/images/cover/9e2539a6d814873a3e5698e920b08ee1/500x500-000000-80-0-0.jpg,https://e-cdns-images.dzcdn.net/images/cover/9e2539a6d814873a3e5698e920b08ee1/1000x1000-000000-80-0-0.jpg,9e2539a6d814873a3e5698e920b08ee1,https://api.deezer.com/album/465874675/tracks,album,track,313,https://api.deezer.com/search?q=Joeyy&redirect_uri=http%253A%252F%252Fguardian.mashape.com%252Fcallback&index=25
2327102075,TRUE,Coat I Would Buy,Coat I Would Buy,,https://www.deezer.com/track/2327102075,84,212000,FALSE,0,2,https://cdns-preview-4.dzcdn.net/stream/c-4641a088a56589ddfcc52f9874f487c7-3.mp3,987d76292d30d0b78defd2423e9b4e3e,5256448,Joeyy,https://www.deezer.com/artist/5256448,https://api.deezer.com/artist/5256448/image,https://e-cdns-images.dzcdn.net/images/artist/9e2539a6d814873a3e5698e920b08ee1/56x56-000000-80-0-0.jpg,https://e-cdns-images.dzcdn.net/images/artist/9e2539a6d814873a3e5698e920b08ee1/250x250-000000-80-0-0.jpg,https://e-cdns-images.dzcdn.net/images/artist/9e2539a6d814873a3e5698e920b08ee1/500x500-000000-80-0-0.jpg,https://e-cdns-images.dzcdn.net/images/artist/9e2539a6d814873a3e5698e920b08ee1/1000x1000-000000-80-0-0.jpg,https://api.deezer.com/artist/5256448/top?limit=50,artist,453247515,Coat I Would Buy,https://api.deezer.com/album/453247515/image,https://e-cdns-images.dzcdn.net/images/cover/987d76292d30d0b78defd2423e9b4e3e/56x56-000000-80-0-0.jpg,https://e-cdns-images.dzcdn.net/images/cover/987d76292d30d0b78defd2423e9b4e3e/250x250-000000-80-0-0.jpg,https://e-cdns-images.dzcdn.net/images/cover/987d76292d30d0b78defd2423e9b4e3e/500x500-000000-80-0-0.jpg,https://e-cdns-images.dzcdn.net/images/cover/987d76292d30d0b78defd2423e9b4e3e/1000x1000-000000-80-0-0.jpg,987d76292d30d0b78defd2423e9b4e3e,https://api.deezer.com/album/453247515/tracks,album,track,,
2484093371,TRUE,IM NOT GOD BUT I WISH I WAS (feat. Joeyy),IM NOT GOD BUT I WISH I WAS (feat. Joeyy),,https://www.deezer.com/track/2484093371,185,239748,TRUE,1,2,https://cdns-preview-e.dzcdn.net/stream/c-e9347181d6b22bc513bda737b67e523e-1.mp3,401933a06dfd6cce4413dc1c469c41f5,177866027,SMOKEDOPE2016,https://www.deezer.com/artist/177866027,https://api.deezer.com/artist/177866027/image,https://e-cdns-images.dzcdn.net/images/artist/242ae6704501244cad36772d736322db/56x56-000000-80-0-0.jpg,https://e-cdns-images.dzcdn.net/images/artist/242ae6704501244cad36772d736322db/250x250-000000-80-0-0.jpg,https://e-cdns-images.dzcdn.net/images/artist/242ae6704501244cad36772d736322db/500x500-000000-80-0-0.jpg,https://e-cdns-images.dzcdn.net/images/artist/242ae6704501244cad36772d736322db/1000x1000-000000-80-0-0.jpg,https://api.deezer.com/artist/177866027/top?limit=50,artist,496205701,XTC,https://api.deezer.com/album/496205701/image,https://e-cdns-images.dzcdn.net/images/cover/401933a06dfd6cce4413dc1c469c41f5/56x56-000000-80-0-0.jpg,https://e-cdns-images.dzcdn.net/images/cover/401933a06dfd6cce4413dc1c469c41f5/250x250-000000-80-0-0.jpg,https://e-cdns-images.dzcdn.net/images/cover/401933a06dfd6cce4413dc1c469c41f5/500x500-000000-80-0-0.jpg,https://e-cdns-images.dzcdn.net/images/cover/401933a06dfd6cce4413dc1c469c41f5/1000x1000-000000-80-0-0.jpg,401933a06dfd6cce4413dc1c469c41f5,https://api.deezer.com/album/496205701/tracks,album,track,,
2372912285,TRUE,Glitz,Glitz,,https://www.deezer.com/track/2372912285,91,112149,TRUE,1,2,https://cdns-preview-8.dzcdn.net/stream/c-892d7a161904ecb5a7364e4aa06b5361-3.mp3,108a46aabd43a324a89491e58263cf97,5256448,Joeyy,https://www.deezer.com/artist/5256448,https://api.deezer.com/artist/5256448/image,https://e-cdns-images.dzcdn.net/images/artist/9e2539a6d814873a3e5698e920b08ee1/56x56-000000-80-0-0.jpg,https://e-cdns-images.dzcdn.net/images/artist/9e2539a6d814873a3e5698e920b08ee1/250x250-000000-80-0-0.jpg,https://e-cdns-images.dzcdn.net/images/artist/9e2539a6d814873a3e5698e920b08ee1/500x500-000000-80-0-0.jpg,https://e-cdns-images.dzcdn.net/images/artist/9e2539a6d814873a3e5698e920b08ee1/1000x1000-000000-80-0-0.jpg,https://api.deezer.com/artist/5256448/top?limit=50,artist,465874655,Glitz,https://api.deezer.com/album/465874655/image,https://e-cdns-images.dzcdn.net/images/cover/108a46aabd43a324a89491e58263cf97/56x56-000000-80-0-0.jpg,https://e-cdns-images.dzcdn.net/images/cover/108a46aabd43a324a89491e58263cf97/250x250-000000-80-0-0.jpg,https://e-cdns-images.dzcdn.net/images/cover/108a46aabd43a324a89491e58263cf97/500x500-000000-80-0-0.jpg,https://e-cdns-images.dzcdn.net/images/cover/108a46aabd43a324a89491e58263cf97/1000x1000-000000-80-0-0.jpg,108a46aabd43a324a89491e58263cf97,https://api.deezer.com/album/465874655/tracks,album,track,,
2249129357,TRUE,Roxanne,Roxanne,,https://www.deezer.com/track/2249129357,147,118722,TRUE,1,2,https://cdns-preview-7.dzcdn.net/stream/c-71090730336c918bc9eee6f00de6b343-3.mp3,00f4767d56d9341527cf19f568ffdd9b,5256448,Joeyy,https://www.deezer.com/artist/5256448,https://api.deezer.com/artist/5256448/image,https://e-cdns-images.dzcdn.net/images/artist/9e2539a6d814873a3e5698e920b08ee1/56x56-000000-80-0-0.jpg,https://e-cdns-images.dzcdn.net/images/artist/9e2539a6d814873a3e5698e920b08ee1/250x250-000000-80-0-0.jpg,https://e-cdns-images.dzcdn.net/images/artist/9e2539a6d814873a3e5698e920b08ee1/500x500-000000-80-0-0.jpg,https://e-cdns-images.dzcdn.net/images/artist/9e2539a6d814873a3e5698e920b08ee1/1000x1000-000000-80-0-0.jpg,https://api.deezer.com/artist/5256448/top?limit=50,artist,432651277,MIRY,https://api.deezer.com/album/432651277/image,https://e-cdns-images.dzcdn.net/images/cover/00f4767d56d9341527cf19f568ffdd9b/56x56-000000-80-0-0.jpg,https://e-cdns-images.dzcdn.net/images/cover/00f4767d56d9341527cf19f568ffdd9b/250x250-000000-80-0-0.jpg,https://e-cdns-images.dzcdn.net/images/cover/00f4767d56d9341527cf19f568ffdd9b/500x500-000000-80-0-0.jpg,https://e-cdns-images.dzcdn.net/images/cover/00f4767d56d9341527cf19f568ffdd9b/1000x1000-000000-80-0-0.jpg,00f4767d56d9341527cf19f568ffdd9b,https://api.deezer.com/album/432651277/tracks,album,track,,
2511703811,TRUE,Afford It (feat. Joeyy),Afford It (feat. Joeyy),,https://www.deezer.com/track/2511703811,208,267578,TRUE,1,2,https://cdns-preview-e.dzcdn.net/stream/c-e5213d156b9d8e72dfde989871d95aa1-1.mp3,94abcb7528a7ec322498e89933c86d8e,1467974,Laker,https://www.deezer.com/artist/1467974,https://api.deezer.com/artist/1467974/image,https://e-cdns-images.dzcdn.net/images/artist/ad93357f81fa8841ad0af40cdd3f5f23/56x56-000000-80-0-0.jpg,https://e-cdns-images.dzcdn.net/images/artist/ad93357f81fa8841ad0af40cdd3f5f23/250x250-000000-80-0-0.jpg,https://e-cdns-images.dzcdn.net/images/artist/ad93357f81fa8841ad0af40cdd3f5f23/500x500-000000-80-0-0.jpg,https://e-cdns-images.dzcdn.net/images/artist/ad93357f81fa8841ad0af40cdd3f5f23/1000x1000-000000-80-0-0.jpg,https://api.deezer.com/artist/1467974/top?limit=50,artist,504013841,Afford It (feat. Joeyy),https://api.deezer.com/album/504013841/image,https://e-cdns-images.dzcdn.net/images/cover/94abcb7528a7ec322498e89933c86d8e/56x56-000000-80-0-0.jpg,https://e-cdns-images.dzcdn.net/images/cover/94abcb7528a7ec322498e89933c86d8e/250x250-000000-80-0-0.jpg,https://e-cdns-images.dzcdn.net/images/cover/94abcb7528a7ec322498e89933c86d8e/500x500-000000-80-0-0.jpg,https://e-cdns-images.dzcdn.net/images/cover/94abcb7528a7ec322498e89933c86d8e/1000x1000-000000-80-0-0.jpg,94abcb7528a7ec322498e89933c86d8e,https://api.deezer.com/album/504013841/tracks,album,track,,
2372945295,TRUE,Sandman,Sandman,,https://www.deezer.com/track/2372945295,142,104266,TRUE,1,2,https://cdns-preview-5.dzcdn.net/stream/c-59fc16b6f0dc5892243bdf4c4be2a8c3-3.mp3,d44db76091d0548815b8590d3adfcaa3,5256448,Joeyy,https://www.deezer.com/artist/5256448,https://api.deezer.com/artist/5256448/image,https://e-cdns-images.dzcdn.net/images/artist/9e2539a6d814873a3e5698e920b08ee1/56x56-000000-80-0-0.jpg,https://e-cdns-images.dzcdn.net/images/artist/9e2539a6d814873a3e5698e920b08ee1/250x250-000000-80-0-0.jpg,https://e-cdns-images.dzcdn.net/images/artist/9e2539a6d814873a3e5698e920b08ee1/500x500-000000-80-0-0.jpg,https://e-cdns-images.dzcdn.net/images/artist/9e2539a6d814873a3e5698e920b08ee1/1000x1000-000000-80-0-0.jpg,https://api.deezer.com/artist/5256448/top?limit=50,artist,465883635,Attention 2 Retail,https://api.deezer.com/album/465883635/image,https://e-cdns-images.dzcdn.net/images/cover/d44db76091d0548815b8590d3adfcaa3/56x56-000000-80-0-0.jpg,https://e-cdns-images.dzcdn.net/images/cover/d44db76091d0548815b8590d3adfcaa3/250x250-000000-80-0-0.jpg,https://e-cdns-images.dzcdn.net/images/cover/d44db76091d0548815b8590d3adfcaa3/500x500-000000-80-0-0.jpg,https://e-cdns-images.dzcdn.net/images/cover/d44db76091d0548815b8590d3adfcaa3/1000x1000-000000-80-0-0.jpg,d44db76091d0548815b8590d3adfcaa3,https://api.deezer.com/album/465883635/tracks,album,track,,
2372959025,TRUE,Paper Or Plastic,Paper Or Plastic,,https://www.deezer.com/track/2372959025,174,111664,TRUE,1,2,https://cdns-preview-7.dzcdn.net/stream/c-72a2dff43557f24b45790db3b5f5e4aa-3.mp3,ec5d8a187dfe84577aff301420d09510,5256448,Joeyy,https://www.deezer.com/artist/5256448,https://api.deezer.com/artist/5256448/image,https://e-cdns-images.dzcdn.net/images/artist/9e2539a6d814873a3e5698e920b08ee1/56x56-000000-80-0-0.jpg,https://e-cdns-images.dzcdn.net/images/artist/9e2539a6d814873a3e5698e920b08ee1/250x250-000000-80-0-0.jpg,https://e-cdns-images.dzcdn.net/images/artist/9e2539a6d814873a3e5698e920b08ee1/500x500-000000-80-0-0.jpg,https://e-cdns-images.dzcdn.net/images/artist/9e2539a6d814873a3e5698e920b08ee1/1000x1000-000000-80-0-0.jpg,https://api.deezer.com/artist/5256448/top?limit=50,artist,465887125,Buyer's Remorse,https://api.deezer.com/album/465887125/image,https://e-cdns-images.dzcdn.net/images/cover/ec5d8a187dfe84577aff301420d09510/56x56-000000-80-0-0.jpg,https://e-cdns-images.dzcdn.net/images/cover/ec5d8a187dfe84577aff301420d09510/250x250-000000-80-0-0.jpg,https://e-cdns-images.dzcdn.net/images/cover/ec5d8a187dfe84577aff301420d09510/500x500-000000-80-0-0.jpg,https://e-cdns-images.dzcdn.net/images/cover/ec5d8a187dfe84577aff301420d09510/1000x1000-000000-80-0-0.jpg,ec5d8a187dfe84577aff301420d09510,https://api.deezer.com/album/465887125/tracks,album,track,,
2484061151,TRUE,IM NOT GOD BUT I WISH I WAS (feat. Joeyy),IM NOT GOD BUT I WISH I WAS (feat. Joeyy),,https://www.deezer.com/track/2484061151,185,163021,TRUE,1,2,https://cdns-preview-3.dzcdn.net/stream/c-321829d893c13195d371d962a1080889-1.mp3,ed165613ef38b9c5eae8f59c43afe4bc,177866027,SMOKEDOPE2016,https://www.deezer.com/artist/177866027,https://api.deezer.com/artist/177866027/image,https://e-cdns-images.dzcdn.net/images/artist/242ae6704501244cad36772d736322db/56x56-000000-80-0-0.jpg,https://e-cdns-images.dzcdn.net/images/artist/242ae6704501244cad36772d736322db/250x250-000000-80-0-0.jpg,https://e-cdns-images.dzcdn.net/images/artist/242ae6704501244cad36772d736322db/500x500-000000-80-0-0.jpg,https://e-cdns-images.dzcdn.net/images/artist/242ae6704501244cad36772d736322db/1000x1000-000000-80-0-0.jpg,https://api.deezer.com/artist/177866027/top?limit=50,artist,496201181,IM NOT GOD BUT I WISH I WAS (feat. Joeyy),https://api.deezer.com/album/496201181/image,https://e-cdns-images.dzcdn.net/images/cover/ed165613ef38b9c5eae8f59c43afe4bc/56x56-000000-80-0-0.jpg,https://e-cdns-images.dzcdn.net/images/cover/ed165613ef38b9c5eae8f59c43afe4bc/250x250-000000-80-0-0.jpg,https://e-cdns-images.dzcdn.net/images/cover/ed165613ef38b9c5eae8f59c43afe4bc/500x500-000000-80-0-0.jpg,https://e-cdns-images.dzcdn.net/images/cover/ed165613ef38b9c5eae8f59c43afe4bc/1000x1000-000000-80-0-0.jpg,ed165613ef38b9c5eae8f59c43afe4bc,https://api.deezer.com/album/496201181/tracks,album,track,,
2372959055,TRUE,Bourgeois,Bourgeois,,https://www.deezer.com/track/2372959055,172,100106,FALSE,0,2,https://cdns-preview-8.dzcdn.net/stream/c-8f0bfa7e9b059ec231385fd68f971a11-3.mp3,ec5d8a187dfe84577aff301420d09510,5256448,Joeyy,https://www.deezer.com/artist/5256448,https://api.deezer.com/artist/5256448/image,https://e-cdns-images.dzcdn.net/images/artist/9e2539a6d814873a3e5698e920b08ee1/56x56-000000-80-0-0.jpg,https://e-cdns-images.dzcdn.net/images/artist/9e2539a6d814873a3e5698e920b08ee1/250x250-000000-80-0-0.jpg,https://e-cdns-images.dzcdn.net/images/artist/9e2539a6d814873a3e5698e920b08ee1/500x500-000000-80-0-0.jpg,https://e-cdns-images.dzcdn.net/images/artist/9e2539a6d814873a3e5698e920b08ee1/1000x1000-000000-80-0-0.jpg,https://api.deezer.com/artist/5256448/top?limit=50,artist,465887125,Buyer's Remorse,https://api.deezer.com/album/465887125/image,https://e-cdns-images.dzcdn.net/images/cover/ec5d8a187dfe84577aff301420d09510/56x56-000000-80-0-0.jpg,https://e-cdns-images.dzcdn.net/images/cover/ec5d8a187dfe84577aff301420d09510/250x250-000000-80-0-0.jpg,https://e-cdns-images.dzcdn.net/images/cover/ec5d8a187dfe84577aff301420d09510/500x500-000000-80-0-0.jpg,https://e-cdns-images.dzcdn.net/images/cover/ec5d8a187dfe84577aff301420d09510/1000x1000-000000-80-0-0.jpg,ec5d8a187dfe84577aff301420d09510,https://api.deezer.com/album/465887125/tracks,album,track,,
2227819177,TRUE,SHEIN,SHEIN,,https://www.deezer.com/track/2227819177,113,102447,TRUE,1,2,https://cdns-preview-d.dzcdn.net/stream/c-d03989412aae057de7ffcb3e5b169a62-2.mp3,2ff186c41baeb9b57854bde27717946e,5256448,Joeyy,https://www.deezer.com/artist/5256448,https://api.deezer.com/artist/5256448/image,https://e-cdns-images.dzcdn.net/images/artist/9e2539a6d814873a3e5698e920b08ee1/56x56-000000-80-0-0.jpg,https://e-cdns-images.dzcdn.net/images/artist/9e2539a6d814873a3e5698e920b08ee1/250x250-000000-80-0-0.jpg,https://e-cdns-images.dzcdn.net/images/artist/9e2539a6d814873a3e5698e920b08ee1/500x500-000000-80-0-0.jpg,https://e-cdns-images.dzcdn.net/images/artist/9e2539a6d814873a3e5698e920b08ee1/1000x1000-000000-80-0-0.jpg,https://api.deezer.com/artist/5256448/top?limit=50,artist,427054257,SHEIN,https://api.deezer.com/album/427054257/image,https://e-cdns-images.dzcdn.net/images/cover/2ff186c41baeb9b57854bde27717946e/56x56-000000-80-0-0.jpg,https://e-cdns-images.dzcdn.net/images/cover/2ff186c41baeb9b57854bde27717946e/250x250-000000-80-0-0.jpg,https://e-cdns-images.dzcdn.net/images/cover/2ff186c41baeb9b57854bde27717946e/500x500-000000-80-0-0.jpg,https://e-cdns-images.dzcdn.net/images/cover/2ff186c41baeb9b57854bde27717946e/1000x1000-000000-80-0-0.jpg,2ff186c41baeb9b57854bde27717946e,https://api.deezer.com/album/427054257/tracks,album,track,,
2372828475,TRUE,Redact,Redact,,https://www.deezer.com/track/2372828475,109,105886,TRUE,1,2,https://cdns-preview-1.dzcdn.net/stream/c-1549feff9bd4fc3ea2654a5a03d460c8-3.mp3,9c418475ee0f732a81a3ac241685b3e9,5256448,Joeyy,https://www.deezer.com/artist/5256448,https://api.deezer.com/artist/5256448/image,https://e-cdns-images.dzcdn.net/images/artist/9e2539a6d814873a3e5698e920b08ee1/56x56-000000-80-0-0.jpg,https://e-cdns-images.dzcdn.net/images/artist/9e2539a6d814873a3e5698e920b08ee1/250x250-000000-80-0-0.jpg,https://e-cdns-images.dzcdn.net/images/artist/9e2539a6d814873a3e5698e920b08ee1/500x500-000000-80-0-0.jpg,https://e-cdns-images.dzcdn.net/images/artist/9e2539a6d814873a3e5698e920b08ee1/1000x1000-000000-80-0-0.jpg,https://api.deezer.com/artist/5256448/top?limit=50,artist,465857985,Redact,https://api.deezer.com/album/465857985/image,https://e-cdns-images.dzcdn.net/images/cover/9c418475ee0f732a81a3ac241685b3e9/56x56-000000-80-0-0.jpg,https://e-cdns-images.dzcdn.net/images/cover/9c418475ee0f732a81a3ac241685b3e9/250x250-000000-80-0-0.jpg,https://e-cdns-images.dzcdn.net/images/cover/9c418475ee0f732a81a3ac241685b3e9/500x500-000000-80-0-0.jpg,https://e-cdns-images.dzcdn.net/images/cover/9c418475ee0f732a81a3ac241685b3e9/1000x1000-000000-80-0-0.jpg,9c418475ee0f732a81a3ac241685b3e9,https://api.deezer.com/album/465857985/tracks,album,track,,
3326023,TRUE,Joey (Remastered),Joey,(Remastered),https://www.deezer.com/track/3326023,177,207941,FALSE,0,0,https://cdns-preview-8.dzcdn.net/stream/c-824827d6f0918dbd63917a370058405b-9.mp3,cd9f10660946882c26f4c0d9038edf02,3493,Natalie Cole,https://www.deezer.com/artist/3493,https://api.deezer.com/artist/3493/image,https://e-cdns-images.dzcdn.net/images/artist/da1b2a2b0354bca2ead9b34c5f88c69a/56x56-000000-80-0-0.jpg,https://e-cdns-images.dzcdn.net/images/artist/da1b2a2b0354bca2ead9b34c5f88c69a/250x250-000000-80-0-0.jpg,https://e-cdns-images.dzcdn.net/images/artist/da1b2a2b0354bca2ead9b34c5f88c69a/500x500-000000-80-0-0.jpg,https://e-cdns-images.dzcdn.net/images/artist/da1b2a2b0354bca2ead9b34c5f88c69a/1000x1000-000000-80-0-0.jpg,https://api.deezer.com/artist/3493/top?limit=50,artist,317118,Natalie Cole Anthology,https://api.deezer.com/album/317118/image,https://e-cdns-images.dzcdn.net/images/cover/cd9f10660946882c26f4c0d9038edf02/56x56-000000-80-0-0.jpg,https://e-cdns-images.dzcdn.net/images/cover/cd9f10660946882c26f4c0d9038edf02/250x250-000000-80-0-0.jpg,https://e-cdns-images.dzcdn.net/images/cover/cd9f10660946882c26f4c0d9038edf02/500x500-000000-80-0-0.jpg,https://e-cdns-images.dzcdn.net/images/cover/cd9f10660946882c26f4c0d9038edf02/1000x1000-000000-80-0-0.jpg,cd9f10660946882c26f4c0d9038edf02,https://api.deezer.com/album/317118/tracks,album,track,,
2372945225,TRUE,Public Servant,Public Servant,,https://www.deezer.com/track/2372945225,137,73478,TRUE,1,2,https://cdns-preview-c.dzcdn.net/stream/c-c7020e978d655334db4fc35c9ebbd4f0-3.mp3,d44db76091d0548815b8590d3adfcaa3,5256448,Joeyy,https://www.deezer.com/artist/5256448,https://api.deezer.com/artist/5256448/image,https://e-cdns-images.dzcdn.net/images/artist/9e2539a6d814873a3e5698e920b08ee1/56x56-000000-80-0-0.jpg,https://e-cdns-images.dzcdn.net/images/artist/9e2539a6d814873a3e5698e920b08ee1/250x250-000000-80-0-0.jpg,https://e-cdns-images.dzcdn.net/images/artist/9e2539a6d814873a3e5698e920b08ee1/500x500-000000-80-0-0.jpg,https://e-cdns-images.dzcdn.net/images/artist/9e2539a6d814873a3e5698e920b08ee1/1000x1000-000000-80-0-0.jpg,https://api.deezer.com/artist/5256448/top?limit=50,artist,465883635,Attention 2 Retail,https://api.deezer.com/album/465883635/image,https://e-cdns-images.dzcdn.net/images/cover/d44db76091d0548815b8590d3adfcaa3/56x56-000000-80-0-0.jpg,https://e-cdns-images.dzcdn.net/images/cover/d44db76091d0548815b8590d3adfcaa3/250x250-000000-80-0-0.jpg,https://e-cdns-images.dzcdn.net/images/cover/d44db76091d0548815b8590d3adfcaa3/500x500-000000-80-0-0.jpg,https://e-cdns-images.dzcdn.net/images/cover/d44db76091d0548815b8590d3adfcaa3/1000x1000-000000-80-0-0.jpg,d44db76091d0548815b8590d3adfcaa3,https://api.deezer.com/album/465883635/tracks,album,track,,
2372912335,TRUE,Eminem,Eminem,,https://www.deezer.com/track/2372912335,107,204954,FALSE,0,2,https://cdns-preview-c.dzcdn.net/stream/c-c81d39b686c06b5c39bae9a503b7247e-3.mp3,09425d5f18d39cc58d9d18ccf39c27a4,5256448,Joeyy,https://www.deezer.com/artist/5256448,https://api.deezer.com/artist/5256448/image,https://e-cdns-images.dzcdn.net/images/artist/9e2539a6d814873a3e5698e920b08ee1/56x56-000000-80-0-0.jpg,https://e-cdns-images.dzcdn.net/images/artist/9e2539a6d814873a3e5698e920b08ee1/250x250-000000-80-0-0.jpg,https://e-cdns-images.dzcdn.net/images/artist/9e2539a6d814873a3e5698e920b08ee1/500x500-000000-80-0-0.jpg,https://e-cdns-images.dzcdn.net/images/artist/9e2539a6d814873a3e5698e920b08ee1/1000x1000-000000-80-0-0.jpg,https://api.deezer.com/artist/5256448/top?limit=50,artist,465874705,Eminem,https://api.deezer.com/album/465874705/image,https://e-cdns-images.dzcdn.net/images/cover/09425d5f18d39cc58d9d18ccf39c27a4/56x56-000000-80-0-0.jpg,https://e-cdns-images.dzcdn.net/images/cover/09425d5f18d39cc58d9d18ccf39c27a4/250x250-000000-80-0-0.jpg,https://e-cdns-images.dzcdn.net/images/cover/09425d5f18d39cc58d9d18ccf39c27a4/500x500-000000-80-0-0.jpg,https://e-cdns-images.dzcdn.net/images/cover/09425d5f18d39cc58d9d18ccf39c27a4/1000x1000-000000-80-0-0.jpg,09425d5f18d39cc58d9d18ccf39c27a4,https://api.deezer.com/album/465874705/tracks,album,track,,
1073633,TRUE,Joey,Joey,,https://www.deezer.com/track/1073633,208,159444,FALSE,0,2,https://cdns-preview-1.dzcdn.net/stream/c-1c7658790e6c16045c867de099d5f126-6.mp3,0a3c59a06e27516153f63ad76f9eb0a9,3329,Beverley Craven,https://www.deezer.com/artist/3329,https://api.deezer.com/artist/3329/image,https://e-cdns-images.dzcdn.net/images/artist/1175f275997ee08c36c306da2dec5f18/56x56-000000-80-0-0.jpg,https://e-cdns-images.dzcdn.net/images/artist/1175f275997ee08c36c306da2dec5f18/250x250-000000-80-0-0.jpg,https://e-cdns-images.dzcdn.net/images/artist/1175f275997ee08c36c306da2dec5f18/500x500-000000-80-0-0.jpg,https://e-cdns-images.dzcdn.net/images/artist/1175f275997ee08c36c306da2dec5f18/1000x1000-000000-80-0-0.jpg,https://api.deezer.com/artist/3329/top?limit=50,artist,116184,Beverley Craven,https://api.deezer.com/album/116184/image,https://e-cdns-images.dzcdn.net/images/cover/0a3c59a06e27516153f63ad76f9eb0a9/56x56-000000-80-0-0.jpg,https://e-cdns-images.dzcdn.net/images/cover/0a3c59a06e27516153f63ad76f9eb0a9/250x250-000000-80-0-0.jpg,https://e-cdns-images.dzcdn.net/images/cover/0a3c59a06e27516153f63ad76f9eb0a9/500x500-000000-80-0-0.jpg,https://e-cdns-images.dzcdn.net/images/cover/0a3c59a06e27516153f63ad76f9eb0a9/1000x1000-000000-80-0-0.jpg,0a3c59a06e27516153f63ad76f9eb0a9,https://api.deezer.com/album/116184/tracks,album,track,,
2372945435,TRUE,Sublingual,Sublingual,,https://www.deezer.com/track/2372945435,86,109810,TRUE,1,2,https://cdns-preview-d.dzcdn.net/stream/c-d635bb5727b37b71e6d4696e3e835ba2-3.mp3,83ea4a02211798fee03dc51f704f0351,5256448,Joeyy,https://www.deezer.com/artist/5256448,https://api.deezer.com/artist/5256448/image,https://e-cdns-images.dzcdn.net/images/artist/9e2539a6d814873a3e5698e920b08ee1/56x56-000000-80-0-0.jpg,https://e-cdns-images.dzcdn.net/images/artist/9e2539a6d814873a3e5698e920b08ee1/250x250-000000-80-0-0.jpg,https://e-cdns-images.dzcdn.net/images/artist/9e2539a6d814873a3e5698e920b08ee1/500x500-000000-80-0-0.jpg,https://e-cdns-images.dzcdn.net/images/artist/9e2539a6d814873a3e5698e920b08ee1/1000x1000-000000-80-0-0.jpg,https://api.deezer.com/artist/5256448/top?limit=50,artist,465883675,Just Tired,https://api.deezer.com/album/465883675/image,https://e-cdns-images.dzcdn.net/images/cover/83ea4a02211798fee03dc51f704f0351/56x56-000000-80-0-0.jpg,https://e-cdns-images.dzcdn.net/images/cover/83ea4a02211798fee03dc51f704f0351/250x250-000000-80-0-0.jpg,https://e-cdns-images.dzcdn.net/images/cover/83ea4a02211798fee03dc51f704f0351/500x500-000000-80-0-0.jpg,https://e-cdns-images.dzcdn.net/images/cover/83ea4a02211798fee03dc51f704f0351/1000x1000-000000-80-0-0.jpg,83ea4a02211798fee03dc51f704f0351,https://api.deezer.com/album/465883675/tracks,album,track,,
2372884385,TRUE,Djent,Djent,,https://www.deezer.com/track/2372884385,145,72924,FALSE,0,2,https://cdns-preview-2.dzcdn.net/stream/c-2c44243d031bc2258bce81d2e85fa3c7-3.mp3,a688039d3d6a8c5d80426f386377ad1e,5256448,Joeyy,https://www.deezer.com/artist/5256448,https://api.deezer.com/artist/5256448/image,https://e-cdns-images.dzcdn.net/images/artist/9e2539a6d814873a3e5698e920b08ee1/56x56-000000-80-0-0.jpg,https://e-cdns-images.dzcdn.net/images/artist/9e2539a6d814873a3e5698e920b08ee1/250x250-000000-80-0-0.jpg,https://e-cdns-images.dzcdn.net/images/artist/9e2539a6d814873a3e5698e920b08ee1/500x500-000000-80-0-0.jpg,https://e-cdns-images.dzcdn.net/images/artist/9e2539a6d814873a3e5698e920b08ee1/1000x1000-000000-80-0-0.jpg,https://api.deezer.com/artist/5256448/top?limit=50,artist,465868685,Djent,https://api.deezer.com/album/465868685/image,https://e-cdns-images.dzcdn.net/images/cover/a688039d3d6a8c5d80426f386377ad1e/56x56-000000-80-0-0.jpg,https://e-cdns-images.dzcdn.net/images/cover/a688039d3d6a8c5d80426f386377ad1e/250x250-000000-80-0-0.jpg,https://e-cdns-images.dzcdn.net/images/cover/a688039d3d6a8c5d80426f386377ad1e/500x500-000000-80-0-0.jpg,https://e-cdns-images.dzcdn.net/images/cover/a688039d3d6a8c5d80426f386377ad1e/1000x1000-000000-80-0-0.jpg,a688039d3d6a8c5d80426f386377ad1e,https://api.deezer.com/album/465868685/tracks,album,track,,
89188815,TRUE,Joey,Joey,,https://www.deezer.com/track/89188815,174,136907,FALSE,2,2,https://cdns-preview-4.dzcdn.net/stream/c-4fedd717698f55da3d79c5d115c036a6-3.mp3,1ab4919bdffee736aa774398552c14ff,414831,Emily Capell,https://www.deezer.com/artist/414831,https://api.deezer.com/artist/414831/image,https://e-cdns-images.dzcdn.net/images/artist/944dd077c8e03287919ab06eb9fd36cf/56x56-000000-80-0-0.jpg,https://e-cdns-images.dzcdn.net/images/artist/944dd077c8e03287919ab06eb9fd36cf/250x250-000000-80-0-0.jpg,https://e-cdns-images.dzcdn.net/images/artist/944dd077c8e03287919ab06eb9fd36cf/500x500-000000-80-0-0.jpg,https://e-cdns-images.dzcdn.net/images/artist/944dd077c8e03287919ab06eb9fd36cf/1000x1000-000000-80-0-0.jpg,https://api.deezer.com/artist/414831/top?limit=50,artist,9020707,Joey,https://api.deezer.com/album/9020707/image,https://e-cdns-images.dzcdn.net/images/cover/1ab4919bdffee736aa774398552c14ff/56x56-000000-80-0-0.jpg,https://e-cdns-images.dzcdn.net/images/cover/1ab4919bdffee736aa774398552c14ff/250x250-000000-80-0-0.jpg,https://e-cdns-images.dzcdn.net/images/cover/1ab4919bdffee736aa774398552c14ff/500x500-000000-80-0-0.jpg,https://e-cdns-images.dzcdn.net/images/cover/1ab4919bdffee736aa774398552c14ff/1000x1000-000000-80-0-0.jpg,1ab4919bdffee736aa774398552c14ff,https://api.deezer.com/album/9020707/tracks,album,track,,
2372912345,TRUE,From,From,,https://www.deezer.com/track/2372912345,60,128645,TRUE,1,2,https://cdns-preview-6.dzcdn.net/stream/c-66322ccbefe716f1853b6acfa040611c-4.mp3,026561c4790bb7e218eec3bac466e0f0,5256448,Joeyy,https://www.deezer.com/artist/5256448,https://api.deezer.com/artist/5256448/image,https://e-cdns-images.dzcdn.net/images/artist/9e2539a6d814873a3e5698e920b08ee1/56x56-000000-80-0-0.jpg,https://e-cdns-images.dzcdn.net/images/artist/9e2539a6d814873a3e5698e920b08ee1/250x250-000000-80-0-0.jpg,https://e-cdns-images.dzcdn.net/images/artist/9e2539a6d814873a3e5698e920b08ee1/500x500-000000-80-0-0.jpg,https://e-cdns-images.dzcdn.net/images/artist/9e2539a6d814873a3e5698e920b08ee1/1000x1000-000000-80-0-0.jpg,https://api.deezer.com/artist/5256448/top?limit=50,artist,465874715,From,https://api.deezer.com/album/465874715/image,https://e-cdns-images.dzcdn.net/images/cover/026561c4790bb7e218eec3bac466e0f0/56x56-000000-80-0-0.jpg,https://e-cdns-images.dzcdn.net/images/cover/026561c4790bb7e218eec3bac466e0f0/250x250-000000-80-0-0.jpg,https://e-cdns-images.dzcdn.net/images/cover/026561c4790bb7e218eec3bac466e0f0/500x500-000000-80-0-0.jpg,https://e-cdns-images.dzcdn.net/images/cover/026561c4790bb7e218eec3bac466e0f0/1000x1000-000000-80-0-0.jpg,026561c4790bb7e218eec3bac466e0f0,https://api.deezer.com/album/465874715/tracks,album,track,,
2372945485,TRUE,Prêt-à-Porter,Prêt-à-Porter,,https://www.deezer.com/track/2372945485,117,115755,TRUE,1,2,https://cdns-preview-e.dzcdn.net/stream/c-ee1675efb624248ea4ecf9f74aecd6bc-3.mp3,83ea4a02211798fee03dc51f704f0351,5256448,Joeyy,https://www.deezer.com/artist/5256448,https://api.deezer.com/artist/5256448/image,https://e-cdns-images.dzcdn.net/images/artist/9e2539a6d814873a3e5698e920b08ee1/56x56-000000-80-0-0.jpg,https://e-cdns-images.dzcdn.net/images/artist/9e2539a6d814873a3e5698e920b08ee1/250x250-000000-80-0-0.jpg,https://e-cdns-images.dzcdn.net/images/artist/9e2539a6d814873a3e5698e920b08ee1/500x500-000000-80-0-0.jpg,https://e-cdns-images.dzcdn.net/images/artist/9e2539a6d814873a3e5698e920b08ee1/1000x1000-000000-80-0-0.jpg,https://api.deezer.com/artist/5256448/top?limit=50,artist,465883675,Just Tired,https://api.deezer.com/album/465883675/image,https://e-cdns-images.dzcdn.net/images/cover/83ea4a02211798fee03dc51f704f0351/56x56-000000-80-0-0.jpg,https://e-cdns-images.dzcdn.net/images/cover/83ea4a02211798fee03dc51f704f0351/250x250-000000-80-0-0.jpg,https://e-cdns-images.dzcdn.net/images/cover/83ea4a02211798fee03dc51f704f0351/500x500-000000-80-0-0.jpg,https://e-cdns-images.dzcdn.net/images/cover/83ea4a02211798fee03dc51f704f0351/1000x1000-000000-80-0-0.jpg,83ea4a02211798fee03dc51f704f0351,https://api.deezer.com/album/465883675/tracks,album,track,,
2532754671,TRUE,Joey (NPR World Cafe Live Session),Joey,(NPR World Cafe Live Session),https://www.deezer.com/track/2532754671,273,163551,FALSE,0,2,https://cdns-preview-7.dzcdn.net/stream/c-791b09f04aad3c8b0331b9aef7f5f667-1.mp3,6e4e458bdf33e943ab4aea41b2fe19e1,388063,Nothing,https://www.deezer.com/artist/388063,https://api.deezer.com/artist/388063/image,https://e-cdns-images.dzcdn.net/images/artist/49afe1a7efb73a8d4037c82fcb2d828e/56x56-000000-80-0-0.jpg,https://e-cdns-images.dzcdn.net/images/artist/49afe1a7efb73a8d4037c82fcb2d828e/250x250-000000-80-0-0.jpg,https://e-cdns-images.dzcdn.net/images/artist/49afe1a7efb73a8d4037c82fcb2d828e/500x500-000000-80-0-0.jpg,https://e-cdns-images.dzcdn.net/images/artist/49afe1a7efb73a8d4037c82fcb2d828e/1000x1000-000000-80-0-0.jpg,https://api.deezer.com/artist/388063/top?limit=50,artist,509928751,Guilty Of Everything 10 Year B Sides,https://api.deezer.com/album/509928751/image,https://e-cdns-images.dzcdn.net/images/cover/6e4e458bdf33e943ab4aea41b2fe19e1/56x56-000000-80-0-0.jpg,https://e-cdns-images.dzcdn.net/images/cover/6e4e458bdf33e943ab4aea41b2fe19e1/250x250-000000-80-0-0.jpg,https://e-cdns-images.dzcdn.net/images/cover/6e4e458bdf33e943ab4aea41b2fe19e1/500x500-000000-80-0-0.jpg,https://e-cdns-images.dzcdn.net/images/cover/6e4e458bdf33e943ab4aea41b2fe19e1/1000x1000-000000-80-0-0.jpg,6e4e458bdf33e943ab4aea41b2fe19e1,https://api.deezer.com/album/509928751/tracks,album,track,,
2372945285,TRUE,Veruca Salt,Veruca Salt,,https://www.deezer.com/track/2372945285,106,107787,FALSE,0,2,https://cdns-preview-7.dzcdn.net/stream/c-7a6e5b7e06014f1c35eafef4a73b2fb5-3.mp3,d44db76091d0548815b8590d3adfcaa3,5256448,Joeyy,https://www.deezer.com/artist/5256448,https://api.deezer.com/artist/5256448/image,https://e-cdns-images.dzcdn.net/images/artist/9e2539a6d814873a3e5698e920b08ee1/56x56-000000-80-0-0.jpg,https://e-cdns-images.dzcdn.net/images/artist/9e2539a6d814873a3e5698e920b08ee1/250x250-000000-80-0-0.jpg,https://e-cdns-images.dzcdn.net/images/artist/9e2539a6d814873a3e5698e920b08ee1/500x500-000000-80-0-0.jpg,https://e-cdns-images.dzcdn.net/images/artist/9e2539a6d814873a3e5698e920b08ee1/1000x1000-000000-80-0-0.jpg,https://api.deezer.com/artist/5256448/top?limit=50,artist,465883635,Attention 2 Retail,https://api.deezer.com/album/465883635/image,https://e-cdns-images.dzcdn.net/images/cover/d44db76091d0548815b8590d3adfcaa3/56x56-000000-80-0-0.jpg,https://e-cdns-images.dzcdn.net/images/cover/d44db76091d0548815b8590d3adfcaa3/250x250-000000-80-0-0.jpg,https://e-cdns-images.dzcdn.net/images/cover/d44db76091d0548815b8590d3adfcaa3/500x500-000000-80-0-0.jpg,https://e-cdns-images.dzcdn.net/images/cover/d44db76091d0548815b8590d3adfcaa3/1000x1000-000000-80-0-0.jpg,d44db76091d0548815b8590d3adfcaa3,https://api.deezer.com/album/465883635/tracks,album,track,,
2372959145,TRUE,Shirt,Shirt,,https://www.deezer.com/track/2372959145,133,72784,FALSE,0,2,https://cdns-preview-9.dzcdn.net/stream/c-9aa580f59cf8e81f0aba7365f31edbcf-3.mp3,db82bba66337762c31d6988fcbac9679,5256448,Joeyy,https://www.deezer.com/artist/5256448,https://api.deezer.com/artist/5256448/image,https://e-cdns-images.dzcdn.net/images/artist/9e2539a6d814873a3e5698e920b08ee1/56x56-000000-80-0-0.jpg,https://e-cdns-images.dzcdn.net/images/artist/9e2539a6d814873a3e5698e920b08ee1/250x250-000000-80-0-0.jpg,https://e-cdns-images.dzcdn.net/images/artist/9e2539a6d814873a3e5698e920b08ee1/500x500-000000-80-0-0.jpg,https://e-cdns-images.dzcdn.net/images/artist/9e2539a6d814873a3e5698e920b08ee1/1000x1000-000000-80-0-0.jpg,https://api.deezer.com/artist/5256448/top?limit=50,artist,465887175,Shirt,https://api.deezer.com/album/465887175/image,https://e-cdns-images.dzcdn.net/images/cover/db82bba66337762c31d6988fcbac9679/56x56-000000-80-0-0.jpg,https://e-cdns-images.dzcdn.net/images/cover/db82bba66337762c31d6988fcbac9679/250x250-000000-80-0-0.jpg,https://e-cdns-images.dzcdn.net/images/cover/db82bba66337762c31d6988fcbac9679/500x500-000000-80-0-0.jpg,https://e-cdns-images.dzcdn.net/images/cover/db82bba66337762c31d6988fcbac9679/1000x1000-000000-80-0-0.jpg,db82bba66337762c31d6988fcbac9679,https://api.deezer.com/album/465887175/tracks,album,track,,
1260686652,TRUE,Joey,Joey,,https://www.deezer.com/track/1260686652,280,92277,FALSE,0,2,https://cdns-preview-d.dzcdn.net/stream/c-df81c3f89b8ae27b34c744ad43dd1c3e-3.mp3,89577ecf45416e38402f8b4a593536c0,400431,Samantha Crain,https://www.deezer.com/artist/400431,https://api.deezer.com/artist/400431/image,https://e-cdns-images.dzcdn.net/images/artist/1f99920feb9c071f77302cccb39ed781/56x56-000000-80-0-0.jpg,https://e-cdns-images.dzcdn.net/images/artist/1f99920feb9c071f77302cccb39ed781/250x250-000000-80-0-0.jpg,https://e-cdns-images.dzcdn.net/images/artist/1f99920feb9c071f77302cccb39ed781/500x500-000000-80-0-0.jpg,https://e-cdns-images.dzcdn.net/images/artist/1f99920feb9c071f77302cccb39ed781/1000x1000-000000-80-0-0.jpg,https://api.deezer.com/artist/400431/top?limit=50,artist,211465322,A Small Death,https://api.deezer.com/album/211465322/image,https://e-cdns-images.dzcdn.net/images/cover/89577ecf45416e38402f8b4a593536c0/56x56-000000-80-0-0.jpg,https://e-cdns-images.dzcdn.net/images/cover/89577ecf45416e38402f8b4a593536c0/250x250-000000-80-0-0.jpg,https://e-cdns-images.dzcdn.net/images/cover/89577ecf45416e38402f8b4a593536c0/500x500-000000-80-0-0.jpg,https://e-cdns-images.dzcdn.net/images/cover/89577ecf45416e38402f8b4a593536c0/1000x1000-000000-80-0-0.jpg,89577ecf45416e38402f8b4a593536c0,https://api.deezer.com/album/211465322/tracks,album,track,,
